-- 从生产环境导出的数据
INSERT INTO users (id, key_hash, recovery_code, recovery_used, created_at, verify_token, is_active, email) VALUES ('2667320e-50ee-4794-a6ca-157939f328ab', '3b604e8f13c0fcd2323584a5773354ea153891b07fed088cf4f77d13854eb571', 'BD103851656F46A7', 0, 1777810972658, NULL, 1, NULL);
INSERT INTO users (id, key_hash, recovery_code, recovery_used, created_at, verify_token, is_active, email) VALUES ('a25b282a-0c2a-41b9-a5e5-b8c700974767', '9c5729595fb287cc2a2256280448bbe706c0a866f0372515c7483de2af4e6532', '0CB45C86398C4E77', 0, 1777897334245, NULL, 1, NULL);
INSERT INTO users (id, key_hash, recovery_code, recovery_used, created_at, verify_token, is_active, email) VALUES ('988619f8-5630-41d7-bf57-ac80bb4b6aed', 'cab7b7ddf647cc54d9d3855159a32868a2aafa42f08730f37f7682e51ed47c0c', '1350535C006B4072', 0, 1777901473215, NULL, 1, NULL);
INSERT INTO users (id, key_hash, recovery_code, recovery_used, created_at, verify_token, is_active, email) VALUES ('bf1e5d93-57bd-4b2f-aa32-9b29ed4e0eb1', 'ce3a598687c8d2e5aa6bedad20e059b4a78cca0adad7e563b07998d5cd226b8c', '12196EBBD6224A5C', 0, 1777948834440, NULL, 1, NULL);
INSERT INTO users (id, key_hash, recovery_code, recovery_used, created_at, verify_token, is_active, email) VALUES ('695e3f3c-3706-4a62-95ba-bc45c3e98a08', '5cdfc13cc653a2150346a62eb6d67d9b7a1e410f5333f0702868f47dc719c89b', '6D8E62AC3D9A413A', 0, 1777948896493, NULL, 1, NULL);
INSERT INTO users (id, key_hash, recovery_code, recovery_used, created_at, verify_token, is_active, email) VALUES ('78c830a5-71ef-41c3-9370-f0d7a471a72f', 'bb421fa35db885ce507b0ef5c3f23cb09c62eb378fae3641c165bdf4c0272949', 'B4383E801FDB46C1', 0, 1777949003997, NULL, 1, NULL);
INSERT INTO users (id, key_hash, recovery_code, recovery_used, created_at, verify_token, is_active, email) VALUES ('ae101a98-2e76-472e-b033-feb1e2d2ff4a', 'a0e77f3f346a5db6c6b38fba5f03bf97e66ae4795364384a1654cc20b9d0abd3', '5A4C55BF1E184533', 0, 1777951036934, NULL, 1, NULL);
INSERT INTO users (id, key_hash, recovery_code, recovery_used, created_at, verify_token, is_active, email) VALUES ('aeb152d1-37a4-4989-9d05-8f8baf24e700', 'ebce75f63faeea963b37f067e34cb762f323c440a0987fe29ae0b6fe6aa5d11d', '5A16880D98F44A98', 0, 1777951823514, NULL, 1, NULL);
INSERT INTO users (id, key_hash, recovery_code, recovery_used, created_at, verify_token, is_active, email) VALUES ('5d94cc50-fbc4-415f-8c72-7de60cce2d42', '84d9c4b849506b6d8f8075a9000e7e0a254be71060ea889fad3c88395988f4fc', '3DC63A9130B54F9C', 0, 1777952257555, NULL, 1, NULL);
INSERT INTO users (id, key_hash, recovery_code, recovery_used, created_at, verify_token, is_active, email) VALUES ('4c04e0f8-3c71-4a33-a507-1090981b3477', '85777f270ad7cf2a790981bbae3c4e484a1dc55e24a77390d692fbf1cffa12fa', '5635B29201DA43D0', 0, 1778204141896, NULL, 1, NULL);
INSERT INTO users (id, key_hash, recovery_code, recovery_used, created_at, verify_token, is_active, email) VALUES ('f6be26ef-cfc5-4ea7-ba24-5f78c0659ceb', '16e603f5eeae62ef7ddb2bd6b84c8d8b4a1a2d04f63d9f6d30c0300f44c2fb6f', 'E318E94506D54B41', 0, 1778334463308, NULL, 1, NULL);
INSERT INTO users (id, key_hash, recovery_code, recovery_used, created_at, verify_token, is_active, email) VALUES ('8e2e23e4-3414-4b81-9320-46df4bfd9b95', 'a02106e08e95dcf626a31d5c6598af2448935d38e80f2bd1600d4dea3e481942', 'F8B7E2EAFFF7440B', 0, 1778419843253, NULL, 1, NULL);
INSERT INTO users (id, key_hash, recovery_code, recovery_used, created_at, verify_token, is_active, email) VALUES ('ea79b857-2dd7-4e84-a0fe-d7f9cee33ac9', '4c67aa086d2b2c9debcb8ea2571d00f9d4f00873508828e9f8089079d80af8b2', 'A270E9F423674326', 0, 1779030983925, NULL, 1, NULL);
INSERT INTO categories (id, user_id, name_cipher, created_at) VALUES ('ed48ee44-c71f-4e37-a6ed-00ee3544e742', '2667320e-50ee-4794-a6ca-157939f328ab', 'eyJpdiI6WzE3MCw1NiwyMTYsMjIsMTgzLDE2MiwxNzIsMTI1LDIxLDM0LDE3NiwyMzJdLCJjdCI6WzQ5LDIxOSwzNSwzNCw1Niw2Myw4MywxLDg2LDE3MSwxNTEsMTQzLDE5NSwyNDksMjAsNjEsMTIsMTYyLDI1MCw3NSw1NiwyMzksMTI0LDg3LDYyLDIzNCwxNzgsODQsOTksOTIsOTAsMjA1LDEzOSwxMDAsMTE4LDg1LDIxOSw0Myw2LDU3XX0=', 1777810989987);
INSERT INTO categories (id, user_id, name_cipher, created_at) VALUES ('e443b7b7-8e31-49a7-bcef-2fb8bba0ab2b', '2667320e-50ee-4794-a6ca-157939f328ab', 'eyJpdiI6WzE2MiwxMTUsMjU0LDIwNSwyMDcsMTExLDE2NywxMyw3NCwyNDIsMTMzLDMyXSwiY3QiOlsxOTcsMjExLDEyNywzOCwxOTMsMTk4LDEwNSw4MCw3NiwyNTMsNDQsMjI0LDE0MiwyMzgsNjYsMTMwLDIzOSw3MywxMDUsNjcsMTM0LDE4M119', 1777811001788);
INSERT INTO categories (id, user_id, name_cipher, created_at) VALUES ('423c619d-9905-4ffa-aa4d-88c78eb721a4', '2667320e-50ee-4794-a6ca-157939f328ab', 'eyJpdiI6WzEwNCwyNDQsMTc2LDEsMjU0LDE1NywxNDQsNCwyMzcsMTEzLDIyMywxNzFdLCJjdCI6WzEwLDIzMSwyMywyMTUsMjMxLDI1NSwxMDksMjUyLDEyLDE2MCw5Nyw4OSwxODMsNTYsMjA2LDE0NCwyNSwyMDMsMTIzLDEwLDIzNiwyNTIsMjI4LDI1LDIsMTk3LDEyMSwxNTFdfQ==', 1777814254398);
INSERT INTO categories (id, user_id, name_cipher, created_at) VALUES ('2a6bdf20-a236-4bf1-b4bf-7e77b36ca518', '2667320e-50ee-4794-a6ca-157939f328ab', 'eyJpdiI6WzIxNSwyMTksMTM0LDE4MSwxODksNzUsMTEsOTEsNSw4MywyNTUsNjVdLCJjdCI6WzQsMTY2LDQxLDE0NCwyNDIsMTk3LDIzNywyMTksMTIzLDE5Niw0OSwxNzksMTYsMTMxLDIyMywyOCw5MSwxNzgsMjE2LDIzNSwxODYsMjE0XX0=', 1777814283508);
INSERT INTO categories (id, user_id, name_cipher, created_at) VALUES ('9444f63a-2c94-4faf-b146-1517bb256741', '2667320e-50ee-4794-a6ca-157939f328ab', 'eyJpdiI6WzE2OSwyMzYsMTM0LDExNCwyMTUsMjAyLDI1MCwxMDMsMzQsMjAxLDk0LDYzXSwiY3QiOls4OSwxMDQsNjcsODcsMjI2LDIxNywzOSwyNDQsMiw5OSwxNjYsODMsMjQzLDE2MSwyOCw4MywxNzAsMTk1LDk4LDIzMSw5MCwyNSwyMDMsNTAsOTJdfQ==', 1777814292596);
INSERT INTO categories (id, user_id, name_cipher, created_at) VALUES ('189a64ed-4f9e-43e7-bc35-173055b6a259', '2667320e-50ee-4794-a6ca-157939f328ab', 'eyJpdiI6WzkxLDEyNSwxMDEsMjUyLDEyMywxODMsMjUwLDE5OSwxNDgsMzYsMjEyLDY1XSwiY3QiOls4NywxMTgsMjEsMjAzLDkzLDI1LDIxOSwxNTAsMjE1LDIxMywxNTIsODgsNTEsMTkxLDE3NCwyMDIsMTk3LDExMywyNDUsNiwxMzUsMjQxLDIzNCwxNzIsMTcsMTI0LDEzMiwyNF19', 1777814339729);
INSERT INTO categories (id, user_id, name_cipher, created_at) VALUES ('ccdab6f7-1d46-43a5-92e7-3d10b841fb93', '2667320e-50ee-4794-a6ca-157939f328ab', 'eyJpdiI6WzE5OCwyNCwxOSwzNSw3NiwxNTQsNDQsMzUsNzQsMjAsMTAwLDU2XSwiY3QiOlsxNjUsNTEsMTI2LDE0Miw2NiwyNCwxMzAsMjQ4LDE2MywyNTQsMjI4LDEzOSw4NiwxODUsMjEsMSw3MSwzNiwzNSwxNzksNjksMTcwXX0=', 1777814402376);
INSERT INTO categories (id, user_id, name_cipher, created_at) VALUES ('5c564616-0681-4f1e-8f8a-becd99126136', '2667320e-50ee-4794-a6ca-157939f328ab', 'eyJpdiI6WzE0NywyNTMsMTgwLDMyLDExMiwxNzgsODgsMTYzLDEyLDMzLDI0LDE1MF0sImN0IjpbMjcsMTMwLDI0MiwxMDYsMTkxLDg4LDY4LDE4OSwyMTksMTcyLDIyNCwxNTgsMzgsMTE2LDE2OCwxODIsNjUsOSwxMzksMTUwLDIyNSwyMzIsMTgwLDgzXX0=', 1777870567167);
INSERT INTO categories (id, user_id, name_cipher, created_at) VALUES ('790d202d-fd09-49f5-88e7-32c811ef3e30', '988619f8-5630-41d7-bf57-ac80bb4b6aed', 'eyJpdiI6WzEzNSwyNTMsNzksNDcsMTEzLDEwMCwxNjUsMjcsMTg3LDM5LDE0OSwxMDFdLCJjdCI6WzExOCwyMjEsMTM1LDE1MywyNSwyNCwxNDcsMTY5LDI1NSwxMDIsMzIsNjEsOSwyNDQsMTAxLDEzMSwyMzQsMjEzLDI1NSwxMTcsMjEwLDIwMF19', 1777901561714);
INSERT INTO categories (id, user_id, name_cipher, created_at) VALUES ('189bf7cd-86ac-41b7-8954-2619af787bab', 'bf1e5d93-57bd-4b2f-aa32-9b29ed4e0eb1', 'eyJpdiI6WzEzOSwyMjUsMjMxLDEwOCwyNiwyNDIsODcsOTcsMTk3LDE2MCwxNjMsNzJdLCJjdCI6WzcwLDIwLDE3MSwyMDAsNTUsMjI5LDE1OSwyMyw1NywyMzMsMTg5LDY5LDExOCwxMzQsMTk2LDc2LDkyLDE2Ml19', 1777948863376);
INSERT INTO categories (id, user_id, name_cipher, created_at) VALUES ('d25d90e5-3bbf-432e-b7e2-338f92d67c54', '5d94cc50-fbc4-415f-8c72-7de60cce2d42', 'eyJpdiI6WzEyNSwyMzQsMTU0LDI3LDE2Miw5MywxMjUsOTUsMTQyLDczLDExMyw5Ml0sImN0IjpbNDgsMjQzLDE2OSwxNTksMjQwLDMzLDUyLDIyMiwxNjgsMjExLDQ2LDMsNzYsMTg0LDg4LDIyNCw4MSwyMDYsMTYzLDQzLDEyMCwyMzBdfQ==', 1777952276291);
INSERT INTO categories (id, user_id, name_cipher, created_at) VALUES ('aadc6ebb-80bf-4524-99a9-475c9db91932', '5d94cc50-fbc4-415f-8c72-7de60cce2d42', 'eyJpdiI6WzYwLDQ2LDEyNiwyNDAsMjA0LDIzNiwxNjQsMTQsMjAyLDY4LDI1MCwxMzNdLCJjdCI6WzcxLDg3LDIzOSwyNywyNCwxNyw3Niw5NCwxNDksODYsMTgzLDE4NSw3NSw3LDI0MCwyMDMsMTAyLDIyLDY1LDEwLDEzNywxMzMsNjUsMTA0LDEzNV19', 1777952283683);
INSERT INTO categories (id, user_id, name_cipher, created_at) VALUES ('79fd93ec-488a-43cf-a36a-a33ed775943b', '5d94cc50-fbc4-415f-8c72-7de60cce2d42', 'eyJpdiI6WzM5LDIxMCwxNTgsOTYsODcsMTQ3LDEyNiwxNzgsNjIsMjA1LDE0NSw2Nl0sImN0IjpbMTc3LDc5LDc1LDE3NCwyMCwyMSw3MCwxODYsMjI0LDE4LDg4LDIzLDQ3LDIxNiwxOTIsMTE2LDE4NywwLDE1MiwyNTRdfQ==', 1777952585044);
INSERT INTO categories (id, user_id, name_cipher, created_at) VALUES ('ef432cb6-c7a6-4bc7-9b1b-99a42a546b5c', '5d94cc50-fbc4-415f-8c72-7de60cce2d42', 'eyJpdiI6WzE1MywxOSwxMjQsMjI4LDIwMiwxMTcsNjQsMjAyLDE2MSwxOTYsOTksMTM1XSwiY3QiOlsxMTksMzYsNTgsNjAsODAsMTMzLDIxLDIxNSwxMiwxMzAsMjQ3LDk5LDIzMywzLDIwNywxNzQsMTQxLDEwLDY4LDEwMl19', 1777952588557);
INSERT INTO categories (id, user_id, name_cipher, created_at) VALUES ('0665411c-3377-4d41-b7cd-78290bed136c', '5d94cc50-fbc4-415f-8c72-7de60cce2d42', 'eyJpdiI6WzI0MywxMjIsMTA5LDAsMTIsMTgwLDcwLDEyMSwyMSw3MSwzLDc1XSwiY3QiOlsxMTIsOTAsMTAwLDEwNiwxNjYsMTc5LDYwLDI4LDMwLDI0LDEwNywyMzMsMTI0LDEzNiwxOTUsMTk5LDE5LDE1Miw1MywzNl19', 1777952592063);
INSERT INTO categories (id, user_id, name_cipher, created_at) VALUES ('01711180-f7ba-4036-9542-ccc609c3930f', '5d94cc50-fbc4-415f-8c72-7de60cce2d42', 'eyJpdiI6WzEzNSwyNDgsMTA3LDg2LDIwNCw3NSwwLDE3MiwxODksNTYsMTU4LDE5NV0sImN0IjpbMjEyLDIxOSw3NCw3NiwxMTcsMjM5LDI1MiwxMywxMjksMjIxLDE3LDU1LDIzMyw2NywyMiw1Niw3MywyMjEsOTksMTE4XX0=', 1777952594940);
INSERT INTO categories (id, user_id, name_cipher, created_at) VALUES ('d10e9079-cba8-4439-8866-1b71fa71d37b', '5d94cc50-fbc4-415f-8c72-7de60cce2d42', 'eyJpdiI6WzcsMjAwLDE0Niw3NSwxMDgsNzEsODMsMTcwLDI0NiwxMzcsNzUsMjE3XSwiY3QiOlsyMDEsNDIsMjExLDc5LDE2NSwxNDksNTQsMjI2LDE0LDEyNiwxODIsMjUyLDEyNiwxNjcsMTE2LDI0OSwyMDUsMjI2LDc4LDIzMl19', 1777952598502);
INSERT INTO categories (id, user_id, name_cipher, created_at) VALUES ('0cd06832-a3a7-4192-b1bd-760c5b8ef9c1', '5d94cc50-fbc4-415f-8c72-7de60cce2d42', 'eyJpdiI6WzIwOCwxMjAsMzgsMTkyLDk3LDE4NCw5MSwyMzgsMjM4LDE0NCwxODIsOTVdLCJjdCI6WzE0OCwxMTIsMTEwLDE5Niw1MiwxODgsMTk2LDE2LDIyNSwxNTIsMTEyLDM3LDU2LDEzOSwzMCwyMjIsMjIyLDk0LDEsMTQ3XX0=', 1777952602556);
INSERT INTO categories (id, user_id, name_cipher, created_at) VALUES ('4b1af57e-f296-445b-9e46-739d5eafc275', '5d94cc50-fbc4-415f-8c72-7de60cce2d42', 'eyJpdiI6WzE3MywxNDMsMjgsMTI1LDI1MywxMTksMTExLDE3NywxNjcsMTQwLDM1LDE1OV0sImN0IjpbMjQyLDE1MSwxNSwyMDUsMjM4LDEzMiwyMSw0MywxMCwxMzMsNzMsMTUzLDg1LDE4NCwyMzMsMjEwLDIxNCwyMjcsMiwxMjQsMjM3LDIxOF19', 1777952609451);
INSERT INTO categories (id, user_id, name_cipher, created_at) VALUES ('f0ad1826-b7a4-4544-9eb3-bfdd82d3f247', '4c04e0f8-3c71-4a33-a507-1090981b3477', 'eyJpdiI6WzE4MSw0LDE0MiwyMzUsMjIsMTY5LDMwLDUwLDIzMywxNDMsMjM0LDM4XSwiY3QiOlsxODEsMjQsMTI4LDI1NSwyNDUsMTE3LDE1MSw2MywyMDAsOTQsOTAsNDYsNjksMTQ3LDk5LDQxLDIzLDgyLDExMiwxOCwxNjJdfQ==', 1778204157634);
INSERT INTO categories (id, user_id, name_cipher, created_at) VALUES ('200efde9-e850-484f-bfb1-df6ce09bb623', 'f6be26ef-cfc5-4ea7-ba24-5f78c0659ceb', 'eyJpdiI6WzYxLDc5LDE4NSwxNTIsMjA4LDE0LDk3LDEyMSw2MywxMDEsMjksMTczXSwiY3QiOlsxNjUsOTEsMTQ5LDQsMjUxLDEzNiw3LDIyOCwxMzUsODYsMTI0LDgsMjQ1LDgyLDI1MSwxMzIsOTksMjBdfQ==', 1778334472729);
INSERT INTO categories (id, user_id, name_cipher, created_at) VALUES ('7538d86f-c58a-463c-bf4e-68df7a6c58ae', 'f6be26ef-cfc5-4ea7-ba24-5f78c0659ceb', 'eyJpdiI6WzIyOSwyMDYsMTMxLDU4LDg0LDI0NiwxNywyMTQsMTE2LDAsMjMyLDI5XSwiY3QiOlsxMjMsMTQ0LDExOSwxODgsODUsNDUsMTgwLDE1NCw2NCwxNTEsMTg0LDE2MCwyNDEsODQsMTA2LDIyMiw0Myw4M119', 1778334472857);
INSERT INTO categories (id, user_id, name_cipher, created_at) VALUES ('b88c5a2c-038f-454b-a4dc-3205fd25e9a5', 'ea79b857-2dd7-4e84-a0fe-d7f9cee33ac9', 'eyJpdiI6WzkzLDE4Miw4NywyNDksNDYsMTA1LDIzMCwxMjgsMjI2LDczLDE0MiwyNDZdLCJjdCI6WzIyNiwyMTEsMTkyLDAsMjIsMTU2LDY3LDQwLDE3MiwxMTIsMTUwLDIsMjAyLDMzLDk5LDEwNyw5NywxMjQsMTgwXX0=', 1779031020363);
INSERT INTO notes (id, user_id, title_cipher, ciphertext, category_cipher, tags_cipher, revision_count, created_at, updated_at) VALUES ('40801b6b-2e2b-4f82-9a26-3feaa998ff7f', '2667320e-50ee-4794-a6ca-157939f328ab', 'eyJpdiI6WzEwNCw3MCwxNTksMzIsMTI3LDg5LDE1MywxOTksODcsMTYyLDgyLDI1MV0sImN0IjpbOTgsMTAwLDIxNyw4OSwzNywxNjksNTIsMjksMTY4LDE1NCwxNTgsMTAyLDExLDE1NSwxOTAsMTUsMjE0LDE0NiwxNTUsMTk2LDEyMF19', 'eyJpdiI6WzY2LDIzOSw0NywxNTYsNzcsMTkyLDEwMyw5MywyMzUsMjEyLDE0MCwyMDFdLCJjdCI6WzE5MiwyMzMsNzAsMTQ3LDE1MywxMzgsMTk2LDQsMTQxLDI0Myw3NywxMzQsMjQ5LDc4LDE1MywxNzQsMjQ0LDIwNywxNTUsODYsMTUzLDE2MCwxMzAsMjA4LDIyOSw2OSwxMjYsMTAxLDE0MSw1NiwzOSwxNzksMTU5LDE3NCwxMTAsMTMwLDAsMTM2LDE4MSwxNzUsMTIzLDE5LDQ4LDIwNiwyMjAsMTE3LDY0LDE1MF19', 'eyJpdiI6WzcsMTIsMTQ5LDQ3LDI0MCwxMTIsMTkyLDE4LDE5MCwxNDcsODAsMjQ3XSwiY3QiOlsyMDMsMTkxLDQyLDI0NCwxNjUsMTgyLDU0LDIyNCw0MywxOTgsMjAxLDI1NSwxNjcsNzgsMzgsMjQ2LDIxNywxNSwyMTAsMTg0LDIzNSwxNzQsMTM0LDE4OSwyMTUsNTcsMTMzLDI3LDEyLDI1NSw4OSw0MCwxMzUsMTgyLDE5NCwxNTUsMTgsMjEyLDEyNiw1MywxNDIsMjI2LDE1MywxNjYsMjMsMTE2LDE2NywyMCwxMTIsNDQsMTQ4LDI0MF19', 'eyJpdiI6WzIwOSwyMDEsMTgxLDIwMSwxNDMsNTksMTA4LDEyMywyMTQsOTcsNywxMDRdLCJjdCI6WzI1Myw3NCwxMjcsNTcsMTkyLDUwLDEwNywyMzcsMjEzLDE3MiwxMTcsMTAsMTc1LDExMywyNiwxNzgsMTIyLDgwLDIzMSwyMjYsMjAxLDQ2LDE3LDIxLDUsMTUyLDE2NCwxMTUsMTU4LDIzNCwxODUsMTM4LDE4Nyw2MCw5MSw0NCw0NiwyMTUsMTA2LDE3NCwzMiwxNTUsMTUsMSwyNDYsMTg3LDkxLDc4LDEwMCwyMDAsMjM1LDE3NCwxMDUsMTcyLDE2NSwyMDksNiwxNDAsMTUyLDMsNzksMjIwLDEwOCwxNDUsMjE5LDg2LDE0Myw4OSwyMywxMSw0OSwxNzIsMTgzLDQ4LDM4LDIwNiwxOTQsMTY3LDc1LDEzMCwxNjgsMTY3LDU4LDEzLDE3LDYzLDE3NCwxODQsMTk1LDMzLDgxLDg4LDIxMCwxOTMsMTA5LDE3MywxMTYsMTUwLDEwOCwxNTMsMTA4LDk1LDI2LDk1LDE0NSwyNTEsMTc4LDEzMCw2MywxMCw4MCw1MSwyMDQsNjgsMTM3LDE5OSwyMiwxNTIsNTksMTksMTU2LDEwLDE5NywyMjUsNzksNDldfQ==', 2, 1777811049352, 1777814518407);
INSERT INTO notes (id, user_id, title_cipher, ciphertext, category_cipher, tags_cipher, revision_count, created_at, updated_at) VALUES ('69735bd5-5c6c-4aa4-a81f-a15bb07a2eb4', '2667320e-50ee-4794-a6ca-157939f328ab', 'eyJpdiI6WzE5NCwxMzEsMjI4LDIwNywxMDUsMjE3LDEzLDIxOSw4NCwyMDYsMzYsNV0sImN0IjpbMjA3LDQsMjAxLDE5LDIwMCwyNTUsMjM4LDUzLDE4NiwyMzMsODcsMTYyLDE0OCw5NSwyMTIsMjE5LDE5MCwxNTIsMTAwLDkzLDE3NywxMDAsMTc3LDE0NiwyMzVdfQ==', 'eyJpdiI6WzUxLDE1OSwxMzIsMTg5LDE5NywxNiw3NiwxMzcsMjE4LDI1MSwxOSwxODVdLCJjdCI6WzcxLDY0LDU3LDQ4LDE2NSwxMDgsMjUsMTcyLDE5NSwxODQsOTcsNDEsMTg4LDE4MCwxNTUsNTQsODEsMTI2LDE4NywyNTEsNzEsMTUyLDQzLDcyLDI0MCwxODcsMzMsMjExLDE2OSwyNDEsMiwzNiw0OCw5Myw1NCwxNzMsMTcxLDE5NiwxNTgsMTc1LDQ3LDI1LDIxOSw0MSw0MSw1NCwxMzUsOSwyMzgsMjI4LDM2LDQzLDIzNCwyMzMsMjIzLDE0OSwxNTEsMTQxLDIzNiwxNzMsMTQ1LDk0LDcyLDgxLDE5OCwxNDAsNDIsMjQ1LDExNiw4MSwyNDMsODAsMTA2LDIxMSwzOCwwLDEwLDE0NiwyMjUsMjU1LDMyLDQzLDAsNDgsNjAsMjM1LDM2LDEzMiw5MSwyMTgsMTYzLDM4LDksMTAzLDExNSw5MiwxMzMsMTgsMjQ5LDExMywyNDQsOTIsNTcsMTExLDIwLDE4LDM2XX0=', '', 'eyJpdiI6WzkyLDE1OCw1Nyw1Nyw3NCwxMzcsMTg1LDE0OSw5NSw5LDg4LDIyOF0sImN0IjpbMTMyLDU1LDc1LDI0NCwxMTcsMTk0LDE0OCwyMTEsMzksMTgzLDY0LDY0LDEzOCwyMTEsOTQsMjAzLDk0LDM1LDExMCwxMTAsMjE0LDE5MCwyMjUsMjI3LDE3MywyNDUsMTI3LDIxMSwxMjEsMjM2LDgwLDE5LDE0NywxMTMsMTY1LDIzOCwyMTcsMTcxLDQ3LDUzLDk2LDIwMCwyNSwxMCwzOSwyMTksNywyNSwzMywyMTUsMTU3LDIyMSw4NCwzOSwxODUsMjU0LDY2LDQwLDQ5LDQyLDIxNiwxNDUsOTUsMjA2LDkyLDI1NCwxMTMsMjA4LDEwNCw0NywyNTEsMjQ1LDE0NywxNzgsMjA2LDE3NCwxOSwxNDgsMjM5LDE1MCwxMzMsNzIsMTYwLDE0OCwzMywxNTQsMjAwLDkwLDU2LDEyMywyMTcsMTIwLDU5LDExMywxNDgsMTQ5LDIxOSwxNjcsNjEsNTUsNDgsMTkxLDMyLDg2LDE4Myw2MCwyNCw4OCwyMjUsMTk1LDEyMywxMDYsMjA4LDQzLDgwLDIxNiwxMjIsMTIxLDI3LDIzN119', 6, 1777814324291, 1778203968453);
INSERT INTO notes (id, user_id, title_cipher, ciphertext, category_cipher, tags_cipher, revision_count, created_at, updated_at) VALUES ('d81ef6bf-43e5-46d7-a706-7f6b2ed2e04c', '2667320e-50ee-4794-a6ca-157939f328ab', 'eyJpdiI6WzIxNCwzNyw4LDE4OCwyMDksNCw3NSw1LDEyMywxNTEsMjM3LDIwNV0sImN0IjpbMTk1LDIzMCwxNSwzMiwxMzIsNzgsMTc5LDc4LDYsMTc4LDE5Myw4MywyNDgsMTAwLDE2NywzNyw5NSw3MiwyMzYsMjMzLDQzLDI2LDE5Niw2NCwzMSw0OCwxNSwxNTQsNjhdfQ==', 'eyJpdiI6WzE2LDQsODYsMTk0LDExOSwxNTUsMTA2LDE3OSwyNDcsMjQsMjUzLDU4XSwiY3QiOlsxNzQsMTc0LDE1OSwxNDUsMjAwLDIzMiwyNCwyMzQsMTg1LDE0NywxNiwyNCw3OCwyMTYsMjI1LDEwMywxMTUsMTY2LDExNyw4NiwxMTgsMTM0LDEzNSwxNjUsMjAyLDEwNSwyMzQsMzUsMTg5LDEyOCwxMzMsMjIxLDIwMiwxMjYsMjE2LDI1MCwxNzMsMTAyLDEwOSw0LDE1MiwyNTEsMTI2LDE4OSw3MiwxODksMjEsMjIwLDk2LDIzMSw5MCw2NCwxNzcsMTU0LDQ1LDIxNCwxMzQsMTU0LDU5LDI0OCw5NywxNDEsMTU1LDIwMiwxMDEsODQsMTk0LDIyNywxNzcsMTI5LDU2LDcsMTE0LDE2MSw2Myw3LDkzLDU1LDE3LDEwNSwyNDYsMTMzLDE2OSwxMzMsMjExLDE1Miw5LDE4Niw5MCwxMzEsMjIwLDIzLDUsNTMsOTYsMTc3LDE1NiwxNzUsMTA5LDIzMCwyMTUsMTg3LDEwNyw5NywxODgsMTM3LDIwOSwyNDEsNDMsNjgsMjU1LDE5NSwyNSw2NV19', '', 'eyJpdiI6WzMxLDE0MywxNCwyMTksMTU3LDE4NSw4OCw5MSwxMjMsMjEsMTAxLDEzXSwiY3QiOls1Myw1NiwxMTcsMTYsMjEyLDE1NywxOTIsMTc3LDEzNCwxMTcsMjA3LDIxNCwxMzUsNTcsOTIsNTIsNjIsMTcwLDc3LDI2LDEyMywxNDYsNzEsMTEzLDM4LDE5MiwyMzUsNDIsNzMsMjA5LDIwNiwyMSwxMjgsMjUxLDQ4LDcyLDQyLDksMTE0LDIwNCwyNDUsNDcsMjA2LDIxNCwzMyw5MSwxNjUsMTk1LDE1NCw3MywxNTcsMjgsMTAzLDE3NSwyNDgsOTAsMTQ1LDYsMTk4LDM4LDEyOCwxNDYsMTkwLDE3NCw5Niw1OSw3MywxNDUsMjM3LDExNiw0MywyOCw5LDIwNiw0MiwxMSw0OSw4NCw0MCwyNDAsMTQ0LDE5MCwxODMsMTgwLDQ1LDE1OCwyMTUsMTUwLDEwNiwxMjUsNDYsMTcsMTYzLDY3LDYsMjI4LDY0LDI0NywyMTksMTE0LDE4MSwxMjksNTIsMjcsMjUyLDE4MSwyNTEsMTg2LDE4NCwyNDAsMTE2LDQsMTg5LDIxMSw3LDIzMiwxNCwyMDYsMjEzLDE5NywxNjAsMTAsMTg2LDIxNCw0MiwxMjIsMTkzLDE3Niw5LDE2MiwxODksMTIwLDExNiwxODQsMTQyLDYsMTYxLDIxLDIwMiwyNTEsMiwyNDksMTM2LDIwMCw4NywxMjYsNjAsMTM4LDEzNSwxMDIsODUsMzMsNjcsOTQsMjE0LDEwNCwxNDUsMTI2LDE2MywyMTIsMjBdfQ==', 7, 1777814379971, 1780225834210);
INSERT INTO notes (id, user_id, title_cipher, ciphertext, category_cipher, tags_cipher, revision_count, created_at, updated_at) VALUES ('5be5e543-5926-45ef-a437-a52e7dd590cc', '2667320e-50ee-4794-a6ca-157939f328ab', 'eyJpdiI6WzU5LDc4LDE4NCwxMzEsNzksMjI0LDEwMSwzNSwxODMsODcsMTI5LDIzOV0sImN0IjpbMjEwLDE0NSw1OSwyMzAsMTQ1LDMxLDc3LDE5MCw3Nyw2Nyw5LDg1LDYzLDIwOSwxMjQsNCwxNjEsMTI2LDIxNSwyMTUsMTA2LDU1XX0=', 'eyJpdiI6WzEzNSwxMjMsMjM3LDEyNyw5NywxNDksMTE2LDMyLDE1LDI0NiwyNywxNzldLCJjdCI6WzI1LDEyNSw2MSw2OSwyNDcsMjAwLDEwNCwxMjQsMjMyLDIwNSwxOTMsNzcsNjksMTA1LDIwMywyOSwxODQsNjIsMTkyLDE3OSwxNTcsMTYsMTM5LDEwOCwyNDAsNzEsMjUyLDUzLDQ4LDYwLDQzLDI1MCwxNTYsMjE2LDQxLDQwLDExMCwyMjgsMTY3LDIyMCwyMTIsMjQ1LDIyNCw4OCw0NCwyMDMsMTI5LDEzMCwyMzAsMjEwLDE5NywxNzgsMTY2LDI1NSwxNzAsMTE5LDE5MSwxNjEsMTI4LDEwNiwxNTcsMjIwLDE2Niw3MywyMDAsOTYsMTk2LDI0MiwxMDQsMjAzLDI1Miw4MCwxMzUsMTEwLDkzLDE0MSwxNjMsNzYsNSw5NCw4MiwxOTMsMTksMTcsNCw1MSw3MCwyMSwyMzgsODYsMTI1LDMsMjUyLDIzLDU2LDExMiwxNDcsNTUsMTEzLDIwNCwxMzMsMTUxLDEyMSwxNzgsMTcxLDg2LDk0LDEzMSwyMDgsNjUsMjU1LDM4LDg1LDYxLDUxLDE3NCwyMTEsMjMsMTA3LDQsMTM5LDEzNCwyMzIsMjAyLDI1MywxNjcsMjUwLDE0NSwyMzgsOTksMjQ3LDE2MCwyMjQsODEsMjE2LDc5LDI0MywxODUsMjE5LDg2LDMxLDE4MywxNDIsMjEzLDIyMywyMDgsMTg4XX0=', 'eyJpdiI6WzQ4LDIzNywxNDQsNSw4OSwxNTAsODMsMTY4LDI1MywxNDMsMjMyLDE2NV0sImN0IjpbMTQwLDE5MiwxMTAsMjAwLDExOSwyMDEsMjUsMTQ1LDEwLDIyNywxODAsMTA2LDEyMiwyMTMsNTUsMjM3LDgxLDEzOSwxMjIsMjA5LDIxMiw1NSwxNjksMjI0LDg5LDI1MiwyNDUsMjIsMTkyLDgyLDE4OCwyMDAsMTQwLDE0NywyMjIsMTU5LDIyMiwyNDQsODEsMTgxLDM5LDExMSwyMTAsMjMyLDE2OSwzNywyLDI0MywyNDAsMTQ0LDk2LDc2XX0=', 'eyJpdiI6Wzk0LDEzMSwyMDksMTcyLDE4Niw3NywyNTMsODcsMjQsNTcsMjUsM10sImN0IjpbMjM1LDgxLDM3LDIwNCwyNDYsNjcsMjAsMTc2LDEyOSw0NSwyMDAsMjMsODQsNjUsOSw0NSwyMTYsMTg5LDIyNSwyMjYsMTMzLDExMywxLDE2MCwxNDgsMzAsMTQ2LDQzLDQzLDQyLDEzOCwyMTMsMTg1LDIxNyw4LDY1LDExMCw5Miw5NSwxOTUsMTMwLDkyLDI0Miw4MCwxMSwyMSwxMTksMjQ3LDIwMiwwLDIxOSwxNTQsNDUsNCw1MywxODksNzYsMjA4LDIxMCw2NywyLDIxMywxODgsMTk1LDcyLDEzLDE1NSwxMTAsNjUsMTc4LDE0NCw1MSwxMjQsMTU0LDE1MiwyNDUsODEsMTAxLDYsMTE1LDYyLDkwLDI0NiwxMjUsMjMxLDIxNSw5MywxOTMsMTg5LDE4Myw4OSwxNjcsMTIsMjExLDE1MiwxMjQsMjA0LDk5LDE1MiwxMjMsMTUwLDU2LDE5NywxOSwyNTIsMTEzLDEyNSwyMzksNSwxMDIsMjQ0LDIwMywyMDUsMjUyLDE1MywyMzksMTI4LDE1MSwxNDQsMTUyLDExMCwyNDUsNjUsODgsMjEyLDE2NywyMjIsMzMsODgsMjM2LDg4LDEyNiwxODIsMTc5LDE4NywyMTEsMTE3LDIwMSw3MiwyNTQsMjksMTU4LDIyNiwxMzAsMjI3LDQwLDIzLDEyNCwxNCwxMTUsMjQzLDQ1LDU2LDIyMCwzMiwxMTldfQ==', 13, 1777814440594, 1779408943677);
INSERT INTO notes (id, user_id, title_cipher, ciphertext, category_cipher, tags_cipher, revision_count, created_at, updated_at) VALUES ('7e261c49-8ed2-41cb-9a23-40931a48e89f', '988619f8-5630-41d7-bf57-ac80bb4b6aed', 'eyJpdiI6WzIxMCwxMzEsMjEsOTEsMTcyLDE2NSwxMDUsMjAwLDE4NSwyNDksMjksMTg1XSwiY3QiOlsxMTYsMjA0LDE3NCwyNDcsMTg5LDI1MSw5MCwxMTcsODMsMTQ1LDE4OCwyMjgsNjIsMjQ5LDE2MCwxMDAsNzksNzksNzgsOTMsOTQsMTQ3LDE3MSwxNzMsMjI0LDM3LDE2NiwxOTIsMjA1LDYsODksOTYsNzcsMjQ0LDc3LDIxMiwxMjgsMTM4LDQ2LDE4Miw2MCwxMTYsNjAsMjM0LDE0OV19', 'eyJpdiI6WzUsMjE0LDE2MywzNywxOTQsMjIzLDQwLDE0LDIwOSwxMzgsMjgsMTddLCJjdCI6WzE4Niw5MiwyNTEsNjksMTk1LDE5Niw1MSwxMjQsMTA1LDEwMSwxNzgsMjIwLDIxNyw1OCwyMTQsMjQxLDE3LDIyMiwxNzksNTIsMTEsMTcxLDI0NiwxMDUsNTYsNTQsMTU4LDEyMiwxNTUsMzgsMTg3LDE2MCwxMDUsOTUsMjQ2LDI0NCwxOTgsMTM4LDI0MCwyMDQsMzIsMCwzMSwzMSwyMjEsMTY3LDIzLDIwMCwxNzUsMTI2LDUwLDIxMCwxLDcxLDE0LDE5MCwyNSwzMCwyMiwxOTEsMjUwLDE4MSwxMTAsMTg0LDMzLDE4MSwxNSw0NiwyMjUsMjE3LDY4LDIyMiwyNTUsMTA0LDIyOSwxODIsMjQ2LDE3NiwyNTUsMTc2LDU0XX0=', 'eyJpdiI6WzgyLDM4LDEwOSwxOTUsMTI4LDc3LDExMywxMSwxMTAsMjEyLDE2NCwzNl0sImN0IjpbMjE0LDMwLDExNCwxNjUsMTYsMjQzLDExNywxODgsMTE1LDI0MywxNTcsODAsMTk0LDQ1LDE5MywxNTEsMTYsMTU4LDMxLDU1LDEyNCwzNCwxODQsMTc3LDI0MSwxNjMsMjksMTg3LDI0LDE2MSw1OSwxNjcsMTMzLDQ0LDE4OSw0Myw4NiwxOTksMjMsMTMzLDcxLDI0MSw3MSwxMzAsMTU2LDY4LDAsNTQsNSwxMDQsMTU4LDE4M119', 'eyJpdiI6WzE4LDMsMTU1LDUzLDQyLDIzMSw5OSw2LDQ1LDEwOCwxMTAsMTMxXSwiY3QiOlsxMTYsMjUsMjQ2LDEzNywxMiw4MSwxMjYsMTAyLDQzLDE5NywxODcsMjUyLDE2MCwxNjcsMTU0LDIxNSwyNDIsNzIsMTQ3LDIwNSwxNjMsMTE4LDUxLDI1Myw4OSwxODgsMTExLDk3LDE0MSwyMDQsODgsMTU3LDI1MCwyNTUsMzMsMTMyLDI1LDEwOCw1LDYsNSw3MCwyNDYsMjA4LDQsMjIwLDE0MSw0OSw0OSw4Miw3NiwxNTEsMTU1LDIwMywxOTAsMTIzLDEwMiwxOSwyMTAsNTcsMjI1LDI1MSwyNDgsMjEzLDE2MywxOTMsMTU2LDIwMiw1NCwyNDEsNDIsMTc0LDM5LDE5Niw1MSwyMTMsMjE2LDEzNywyMjIsMjQ3LDEzOCw1NiwyMjMsMTc1LDE4MCwyNTMsMTUxLDEzMywyMDgsMTc0LDIwMCwyMTEsMjU0LDIxMCwyMDYsNjksMTU2LDY3LDE0NiwyMTAsMTM2LDYwLDE1NCwyNTQsOTMsNTAsMTU2LDIxNCwxNDksMjA1LDE0XX0=', 1, 1777901654502, 1777901654502);
INSERT INTO notes (id, user_id, title_cipher, ciphertext, category_cipher, tags_cipher, revision_count, created_at, updated_at) VALUES ('b5b1b9bf-20b2-4c8f-8f27-48dc0eb5efb5', 'bf1e5d93-57bd-4b2f-aa32-9b29ed4e0eb1', 'eyJpdiI6Wzg0LDE2OCwyNDMsNjIsMjMwLDM4LDc0LDEyMCwxOTcsMjUsNDksMTAwXSwiY3QiOlsxNjksMjQyLDU4LDgsMTY5LDc4LDIxNCw0NiwyMDksMTU2LDksOTQsODcsNTcsMTg0LDEzLDIzNywxNzUsMTAxXX0=', 'eyJpdiI6WzI1MywxNzksMjQzLDgyLDIyMSw3MCw2MSwyMjcsMjA2LDIxMSwxMDIsNDldLCJjdCI6WzIwNSw5NywxOTIsMjU1LDk5LDE0NiwyNSw2MywxMiwxODEsMTA1LDE5NiwyNTIsNjAsMTcsNzQsOTAsNDUsMTI4LDcsNTldfQ==', 'eyJpdiI6WzE4LDM5LDIxOCwxNzcsMjM4LDM5LDEwMywxNzcsNTYsMjM0LDI0NCwxODRdLCJjdCI6WzEyOCwxOTksOTgsMTQzLDU2LDI1MywxNjYsODEsMTYwLDI0OSwxMDksMTA1LDIwNSwxMTIsMjI2LDY0LDIyNyw4NCwyMjgsMzcsMTY5LDIyNSw1OSwxNCwxMDgsMjQ3LDIxOSw4Niw2OCw4NywyMjksMTQ5LDE3Nyw2MSwyNDEsMTc2LDEwMCwyNDUsMCwxOTMsMzYsMjM2LDE2MiwxNzYsMjM3LDI1MSw4NCwyNTEsMTM1LDE5LDEyOCwxNjFdfQ==', 'eyJpdiI6WzE4NCwyMTIsMTYsMTg1LDM1LDczLDIwNiw0LDEyMCwyMTIsMjUzLDE1Ml0sImN0IjpbNzQsMTYyLDE0MiwyNTAsMzQsMjAyLDI1MiwyMzksMTQ1LDcxLDIwOSwxODUsMTY5LDEwLDYyLDI1LDYwLDE5LDIwNywxMTYsOCwxNjksMzUsMTM4LDQ5LDAsOTEsMTU3LDIwMyw3MSwxMTksMSwyMzcsMzYsMjAzLDk3LDE2Myw2NCwxODIsMTcsMTQzLDEwOSwzOCwxODIsMjM2LDQ5LDIzNiwyMTgsMzAsMTEsMjM2LDEyMywxMCwyMiwxMTQsMTU1LDg3LDMyLDIxNywxNTAsMTksMTAsMTM1LDY4LDUyLDIzOSwyOCwzMywyNDksMjMyLDEyLDE2NCwyNDgsMTI2LDM2LDIyLDExNywyMjMsMTkzLDgxLDE3NSwyNDIsNDgsNzYsMTM0LDE2MCwxNSwxNjgsMTE0LDEzMCwxMDcsMzQsOTIsMjE0LDEwLDE0MSwyMTksMTUxLDIwNSwzMCwyNDcsMTk2LDE1OCwyNDEsMTUyLDE4MSwxMjEsMjQzLDEwNCwxNzgsNDMsMjIzLDE4OCwyNDUsMTQ0LDE1Nyw2NCwyXX0=', 1, 1777948876993, 1777948876993);
INSERT INTO notes (id, user_id, title_cipher, ciphertext, category_cipher, tags_cipher, revision_count, created_at, updated_at) VALUES ('5c2a4d96-7ed8-42aa-9e4c-9913605caebd', '78c830a5-71ef-41c3-9370-f0d7a471a72f', 'eyJpdiI6WzEwMywyMTcsMTExLDEyMSwxNDcsMjQ4LDEyMSwxOTYsMzgsNCwyMjIsMjAzXSwiY3QiOlsxOCwxNDIsOTIsMTUxLDEwNCw0OSwxNzMsMjU1LDE0OCwxOTIsMjM3LDgzLDEyOSwxMjAsMjIxLDE1NSwxMSwyMiw2NSwyMywxNjUsNTAsMTAsODgsMTAxXX0=', 'eyJpdiI6WzM0LDEyNCwxMTgsODgsODEsMTQ0LDI0LDI5LDE0NCwxNzQsNTAsMTA4XSwiY3QiOls0OCwyMTIsMzYsOCwzNywyMDYsMjExLDE1LDEzNSwxOTYsMTIwLDI3LDI0MSwxNDEsMTM0LDI1NCwyMjQsMTM1LDE0LDEzMywxNjYsODUsODEsOTBdfQ==', '', 'eyJpdiI6WzExMCw5NSwyMzcsMjIwLDcxLDIzNSwyMSwzNSw3OSwxMTcsMjQzLDE1XSwiY3QiOlsxNywxMjYsNzUsODEsMzUsNDAsMjMyLDE0LDEzOCwyMjcsMTAzLDIyMCwxNTgsMjMxLDUsNTAsMTE2LDk1LDIzMywyNDYsMTE1LDkzLDIyOSwxNTgsMjQzLDEwMiw0NCwyMjksOSwyMTgsMzAsNjcsNCw5OCwyOSwyMTcsMTA2LDExNywxNzEsNSwxODAsMTUwLDQ5LDIyOCwxMTQsMTA3LDE2MSwxNzYsMTczLDExNywxMjUsMjI2LDE1MywxOTIsMjMxLDEzNCwyNDUsMTI1LDIzNSwyMjMsMTIwLDkxLDEyOCwyNTMsMjMwLDEzOCwyNDYsMjIwLDU4LDQxLDE3MiwxNzAsMjQ3LDc0LDIzMiwxODQsODQsMjAsMTQxLDIxNCwxNTcsNjEsNTksMjQ3LDkzLDk0LDIwNCw3MCwyMTksNTUsNTAsNzksMzksMTQ4LDIsOTAsOTIsMTYyLDI1MSwxMDMsNTUsMTg3LDQ2LDIzMiwyMjAsMTAwLDE0Niw2OCwzMywyMDgsMTE3LDcxLDIxNSwxMDQsMTYwLDI0NywyMTQsMTM0LDk3LDkxLDEyNF19', 1, 1777949024429, 1777949024429);
INSERT INTO notes (id, user_id, title_cipher, ciphertext, category_cipher, tags_cipher, revision_count, created_at, updated_at) VALUES ('0227b096-d3ef-4256-8963-5d46f15dccc8', '5d94cc50-fbc4-415f-8c72-7de60cce2d42', 'eyJpdiI6WzE1OCw5OSwxOTMsMTk4LDEyNCw5MywyMTIsOTUsMTI2LDExNCwxNCwxOTZdLCJjdCI6WzIyNiwyNCwzOSw2OCwyNiwyNDIsMTQ1LDEyMiw5NiwzMiwxMzAsMTA3LDIwNSwxOTAsNSwyLDcyLDE1NiwxNjRdfQ==', 'eyJpdiI6WzQ1LDIxMSwxMDYsMTIwLDIzMSwxNTUsMTgwLDk4LDE1MCwyMzIsMTY2LDEzNF0sImN0IjpbMzAsOTksMTQsODAsMjE5LDE5OSwyMzgsMTQ5LDE2Niw3LDE4MiwxNzEsMTczLDIzOSwyNDIsOCwyMTIsMTY4LDE5OSwyMjJdfQ==', '', 'eyJpdiI6WzIzNiwyNDIsNzIsMTI0LDU1LDIyMSwxODYsMTYxLDE0OCwxMDcsODIsMTI2XSwiY3QiOls0LDEzNywxNDIsMjQ1LDI0OSwxMzIsMTA0LDE0MCwxMjgsNzcsMTk1LDE4OSwyMDksOTcsNjAsMTE2LDE1LDIyMCw3MSw5MywxNTYsMTgyLDEsMjEwLDE5MSwxMjEsNDEsMTcxLDEyNywyMTIsMjIyLDYwLDE3OSwyMzAsNzcsMzksMTYxLDExNyw1NSwyMTEsMTM5LDEzLDEyOCwxNzUsMTIwLDU0LDE5OCwyMjEsMTY5LDIwMCwzNSwxMjEsMTQyLDc0LDcxLDIxNCwxNTcsNTYsNzgsMTgzLDE3OSw0NywyNTQsNzYsNDcsMjU1LDUwLDU5LDIyNSwxMTMsMTY4LDI1MiwyMywyMDIsMTg3LDEzNywxNTEsMjAzLDE1MCwxNTQsMjUyLDY4LDIxNiw1MywxNTAsMTUxLDM3LDAsMTc3LDcsOSwxMjYsMjMyLDE3LDIyMiw3NSw5MSwxOCwxMDMsMTg2LDIyMCwyMjIsMjQxLDEyOCwxMyw2Niw0OSwxOTksMjM1LDIyNCw5MiwxMzgsMyw4MSwxNjIsMTc2LDYyLDIxNywxMTQsMTE2LDQyLDEyMywyOCwxNTUsOTIsMTY3LDMsMTQ5LDQ5XX0=', 4, 1777952268055, 1777960042689);
INSERT INTO notes (id, user_id, title_cipher, ciphertext, category_cipher, tags_cipher, revision_count, created_at, updated_at) VALUES ('2bfbe657-013b-41a5-b1fb-944010553017', '5d94cc50-fbc4-415f-8c72-7de60cce2d42', 'eyJpdiI6WzEyNiwxMzMsMTI4LDEwMSwxNTksMTI4LDExNCwxOTQsMTc0LDIzMyw2NCw1MF0sImN0IjpbMjI4LDEzMCw0LDM2LDIwOCw3OSwyMTAsNDMsMTQ1LDQ3LDEzOSwwLDQ2LDIyOCwxMSwyMCwyMzgsMTc5LDE4OSwxNDldfQ==', 'eyJpdiI6WzQsNTMsNjAsMTY1LDU2LDIxLDcwLDM5LDEyOSwyMyw5NCwxMDBdLCJjdCI6WzgyLDYsMjAzLDE5MSw1LDE0OCwxMjMsNDcsMjQwLDE0MiwxNTksMjAyLDE5NiwxMjMsMTU2LDM0LDcxLDIzOSwxNjMsMjQ2LDE2MiwyMzEsMTYzLDEyNCwxMTFdfQ==', 'eyJpdiI6WzIzNiw4MSwxNDUsODIsMjMzLDE2MSwxNjAsMjUxLDIxOSwxODcsNCwyMzhdLCJjdCI6WzE5MywxNjgsODIsMTk1LDEzNiw3NCw0MSwxMTgsMjU0LDIxOSwxMDYsMTY3LDUzLDE1MiwxMjQsMTU2LDI0MywyMTAsMjE4LDI2LDMzLDEzNiwyNDUsMjA5LDI0NCwxMzUsMTY3LDIyNSwyMCwxNjIsMjYsMzUsNDEsNzIsMjEzLDIxLDE0LDQ1LDExMCw0LDE4NiwxNjcsMTA3LDE4MiwxMTEsMTU0LDExOCw0NiwyNDksMjM4LDI1MSwxOTFdfQ==', 'eyJpdiI6WzIzNiwyMTYsNzAsMjUwLDQ2LDI0OCwyMTcsMjQwLDIxNiwzNiwxNSwxODZdLCJjdCI6WzI0NiwxNDEsNDksMTk0LDIxNiw0MSw2NywyMzMsMjU0LDIwMyw0MSw1MCwxMzEsNjksMjI5LDEzMCw4MCw2Nyw1NSwyNSw2LDI2LDI0MywxOTUsMjM3LDMwLDIxMiwxMSwyMTIsNDgsMjM4LDkxLDE2MSw0LDIxOSwxMjUsMjA3LDIzMiwxOCwxMDcsNTMsOTcsMjQ4LDc3LDE5NCw1MCwxMTUsMTMxLDc3LDEzMSwxNzIsNTMsMjE2LDE5Miw5NywyMjYsMTU3LDM1LDMyLDIyLDgxLDEwOCw3LDk0LDIyOCwyNDksMjMsMTE4LDI1LDE2NiwyNDcsMTM5LDY3LDk1LDI0NCw0NCw4MCwxNzAsMTI5LDQ4LDIwMCwxODksMjQ1LDE3NSwxNzMsMTI0LDI0NSw1Myw1NiwxNjQsNzYsMTI2LDE0NCwxNzYsMjQ4LDI1MCw0OSwyOCwxMDMsMTMzLDEyLDczLDEzNywyNiw0NCwxMjUsNDksMTc4LDExNywyNDYsMTcyLDk0LDIwMiw0NSwxMiwyMDIsMjIxLDEwMSwxNDAsMTI0XX0=', 1, 1777952298191, 1777952298191);
INSERT INTO notes (id, user_id, title_cipher, ciphertext, category_cipher, tags_cipher, revision_count, created_at, updated_at) VALUES ('7b7b61fa-b61b-45f3-94c0-2964e2b0b650', '5d94cc50-fbc4-415f-8c72-7de60cce2d42', 'eyJpdiI6WzQ2LDIyMSwzNywzMSwxOTQsODEsODEsNzQsMTQxLDE4NywxMSwxMjddLCJjdCI6WzM1LDM5LDE4NSwxMiw3NSwxMDksNTIsMjQ5LDIzOSwyMjgsMTU3LDY1LDIwLDIzMiw5MSwxNjIsMywyMjJdfQ==', 'eyJpdiI6WzE1NCwxMTUsMTk4LDc4LDEyNSwyMDQsMTE1LDg0LDMsMjMyLDIyMiwxOF0sImN0IjpbMTE2LDE3MywxNjMsMTAsMjUwLDYzLDE3Myw5MCw1OCwxNywxNDksMTA3LDExNSwyMzIsMyw0MiwyNDksMjEwLDEwNSwxLDY3LDI0NiwxMDUsMjAsMjUzLDEzNiw0NCwxNTAsNjUsMTMyLDIwOSw3Ml19', '', 'eyJpdiI6WzIzMywxNTIsNDEsMjUxLDUsMjQ3LDIxNCwxMDQsMjU1LDk4LDI1LDE1NF0sImN0IjpbMTk4LDE3NiwyNDcsMTYzLDI1MiwyNDEsMTE2LDY2LDE2MCw5LDc3LDExOSw0LDQ4LDIwNCwxNDQsMCwyNywxNTUsMTAxLDE3MywxNjEsNTksMTY3LDcxLDE0NCwyNTAsMzUsMTYsMjQ0LDE5NSwxMTIsMjUwLDcxLDEzNiwxNTcsNTQsMjEyLDEwOSwxOTEsOTcsMzIsMjM4LDQsMTg4LDE3NSwxNiwxMDMsNzEsMTcsMTEyLDEzNCw1OSwzNyw4OCwxNTksOSwyNywxMTEsMjE0LDg4LDIzMCwxNzIsMTQ3LDk1LDExOSwxNSw3OSw2MCwyNDEsMTExLDE5MiwxNzcsMTA3LDI0MywyNTIsNjYsMTgzLDM5LDU5LDQ2LDE5MCw3MywxMjQsMjMzLDIwNSwyNDIsMTM0LDU0LDEyMCw3MCwxNjAsMjIwLDEwNywyMzIsNjAsMzAsNjIsNjQsOTYsMTQ0LDk5LDE1MiwyMTUsMjUyLDIwMCw5OSwyNDQsMjM5LDI1NCwyMzIsMTc1LDI0NSwxNjMsMTgxLDE4OSwxNTRdfQ==', 2, 1777952622408, 1777959967495);
INSERT INTO notes (id, user_id, title_cipher, ciphertext, category_cipher, tags_cipher, revision_count, created_at, updated_at) VALUES ('eed00ff5-b462-4aa2-b5c0-5309dab8ad23', '5d94cc50-fbc4-415f-8c72-7de60cce2d42', 'eyJpdiI6WzEzNCwyMjQsOTcsMTA2LDEwMSwyMzAsMjQxLDg2LDEwNSwyNDMsMTY3LDldLCJjdCI6WzEzNiwyNDksMTk0LDI1LDI1MCwxODMsMTEwLDIxOCw1OSw4OSwzMywxNjcsMjUzLDEwMCwxNTYsMjQ1LDY1LDIxXX0=', 'eyJpdiI6WzE3MSwyMzYsMTA1LDEwMSwxOTAsMTI2LDI0NiwyMzYsOTksOTIsNTQsMTExXSwiY3QiOlsxNTcsMzQsMjMsOSwxNTMsODIsNTcsODQsMTQ4LDk4LDI0MywyMTMsMjA0LDE2MSwzMiwxMzAsMjAyLDY3LDExNyw1NSwxMTYsMjMzLDEyXX0=', 'eyJpdiI6Wzc0LDE3NSwyNiwxLDI1LDIxMywxNTUsMjM1LDE4MywxMTAsMTg1LDE4OF0sImN0IjpbMTA4LDE5LDgyLDE3MSwzMiwxMTksMTY5LDE4MywxMTQsMTE4LDg0LDEwMCwxNjAsNTgsMjEzLDM5LDE2NCwyNSwyNTMsMiwxMywxMDAsMTQxLDI2LDI1Myw1MSwxODgsODksOTAsMTkxLDQ0LDU0LDcxLDQ1LDIyOSwxNywxNzUsNTYsNTAsMjE2LDE1NCwxNTIsMTMyLDE4OSwyMjIsMjQxLDIxOCwxNzIsMTE4LDQ2LDEyMiwxNjddfQ==', 'eyJpdiI6WzI0OCwxMDksMTY5LDE4LDE3MiwxNTQsMTkzLDU0LDE1MCwyMjksMTA0LDE5XSwiY3QiOlsyNiwxOTgsNTksMjUxLDk2LDMyLDgsMjAzLDI5LDEzNywzNiw1MCwyMDAsOTYsMjgsMjI4LDE5MSwxOTMsMTUwLDYwLDIxOCwyNSwxOTcsMTczLDE5LDc0LDQ2LDExMywxNjIsMjQwLDEyMSwxMTUsMjUzLDExMCwxNzgsMCwxMywxNDAsNDQsMTY4LDQ0LDU3LDIyNywxMyw5Miw2NSw5LDU4LDI0OCw0OSw5NCw1OCwyMjIsMjMzLDc1LDE5OSwxMTYsMjM0LDE3MywxODAsMTEsNDEsMjYsMTE1LDExOCwyNCw1NCwxNjYsNjcsMTkwLDk0LDE2NywxNjEsMjQ3LDI3LDEyNSwyMTIsOCwxNDksMzEsNjMsMTI0LDIxMSwxNTMsODIsMTMxLDI1NCw2MCwzNywyMSwxMTgsODgsMzYsMTQzLDExLDE2MSwxLDExMCwzOSwxNDYsMzAsOSwxODYsMTAyLDIyOSwxNzQsNTgsNTksODYsMTA4LDQ5LDE4NCw1MSwxODYsMjQ1LDQ2XX0=', 1, 1777952636402, 1777952636402);
INSERT INTO notes (id, user_id, title_cipher, ciphertext, category_cipher, tags_cipher, revision_count, created_at, updated_at) VALUES ('7dcf5e43-cd43-404f-8ae4-28888dafaa26', '2667320e-50ee-4794-a6ca-157939f328ab', 'eyJpdiI6WzIzMCwxNjAsMTExLDE5NiwyNDYsNzgsMjUzLDI4LDE5OCwxLDEwMyw3MV0sImN0IjpbNyw1NSwxNTYsMTQwLDIwLDE0NCw1NCw2MiwyNTQsNTcsMTU4LDU3LDIwNSw0Myw5NSwzMCwyNTMsMjksNjgsNjIsMTM4LDEwMSw5NywxNTYsMTAsMTAzLDE1MiwyMTJdfQ==', 'eyJpdiI6WzEwMSw1MCwyNDMsMzEsMTQyLDEwMiwxMjYsMTM3LDE4LDE1OSw3NiwyNTBdLCJjdCI6WzcwLDI1LDIyMSwxNDYsNDcsMTIxLDE2OCwxMzAsMTksMzQsOTUsMzIsNzksNTQsMTU1LDYwLDEwMywxNTQsMTgyLDIzLDc2LDIyMCwxMDksMTIwLDE5MiwzNCwyMDYsNzAsNjEsMTQzLDI0MCwxNDQsMTU4LDIzNiwxNTIsMTgyLDMwLDE2MSw5MiwyNDMsMzMsMTgzLDUyLDI0MSwxMDksNTYsMTQwLDEyNCw1NywxNjAsMTgwLDIxMywyNSwxMSwxNjQsMTcyLDk4LDEwLDE3OSwyMDAsMjA4LDc3LDE2NiwyMDUsMjIwLDIzMyw5MSwxNzgsMjAyLDEzMyw2LDM4LDQzLDkxLDE2OCw2LDIyLDIwMywxOTMsMjUwLDg1LDk5LDIyMiwyMjUsNzcsNjUsMjE5LDI1MCwyMywyMTUsMTU5LDE3MSwxNTUsMjI1XX0=', '', 'eyJpdiI6WzIyMSwxNDUsNDgsMTkzLDAsMTc0LDEwNSwxNjIsMTI0LDExNyw4Miw0M10sImN0IjpbMTAsMjA4LDE4MSwyMDgsMjQwLDEsMzQsMTUwLDE0MCwyNDMsNzQsMjExLDIwNiwxOTQsMjA2LDE0NiwyMzQsMjM4LDgxLDI0OSw2MSwyMDUsMzcsMjAxLDIwMywyNTIsMTMzLDE5Myw1MywxMzMsMjAxLDEyNywxMDMsNTMsMTMxLDQ5LDEzNiwxOTcsMTUxLDIxNCwyNTAsNjAsMyw4OCw1LDE0NCwxODcsMjI1LDE1MCw1MywxOTgsNDAsMTcxLDE4OCwxMCw0OSwxNDksMjA5LDc4LDg1LDE5MiwxNTksNzMsMTQsMjE1LDE0OSwyMDUsMjAyLDE5MywyNSwxNDcsMTQ0LDMsNCw4OCwyMTYsMTgwLDE5NSwyNCwxMDEsMTAyLDIxMSw5NCw3NywxOTgsMTA4LDE5MiwyNDksOTEsMTMxLDExLDM0LDI1MCwxMDEsMTA1LDE4Myw1Niw3Miw4MCwyNCwxODgsMjksMCwxODcsMjA3LDMzLDk3LDIxNSw0MCwxNjEsMzAsMTA1LDEwMywyMzgsMTUsMTEzLDExMywyMDAsMTM5LDYxLDIzMCwyMDIsMjUsOTEsMTgxLDExLDg1LDE2NywxMTYsMjA5LDEsMjA3LDZdfQ==', 5, 1778203945247, 1779549163416);
INSERT INTO notes (id, user_id, title_cipher, ciphertext, category_cipher, tags_cipher, revision_count, created_at, updated_at) VALUES ('76fb5526-5573-43c4-85e2-bd53b876bedb', '4c04e0f8-3c71-4a33-a507-1090981b3477', 'eyJpdiI6WzYsMTA3LDE5NywzMSwyNTQsMTAzLDc4LDEyOCwxODcsNTMsMTIwLDUzXSwiY3QiOlsyOCwxMTksMTU2LDExOCw2NywxMTUsMTU2LDE1NSwxMjksMTQ3LDEzLDE2MCwyNDUsNjIsMTEzLDE3Miw5OCwyNTRdfQ==', 'eyJpdiI6WzE2MSwyMDYsNjIsMTI4LDQsMjIxLDkzLDExMiwxLDE5NSwyOSwxMzNdLCJjdCI6WzE3LDE2MCw5LDY2LDIyNiwyNTIsOTMsODIsOCwxNzUsMTM0LDQxLDIzNSwxNTksMjQzLDIzMCw0MSw5MSwyMzAsMjQ1LDE2MiwxMDQsMTk1LDExMywxNzldfQ==', 'eyJpdiI6WzIwOSw5NiwxNTMsMjA0LDEsNTcsMjUwLDIxNywyMjAsNywxNjMsNDhdLCJjdCI6WzEzOSw0MSw1NywxMzUsNDYsMTk0LDc4LDU4LDgwLDE4OSw1Miw3NiwxMTMsMTUwLDI0NiwxNjUsMTc1LDIxOSw0NywyNywxMTQsMjExLDIzOCw0NiwxNzUsMjMyLDY1LDI0NiwxMiwzNiwxNTMsMTc1LDE5OSw1NSw3OSwxNCwxMDAsMTUwLDE4MSwxMDYsMjQ3LDIzOCwzNSw2OCwxODksMTcwLDQ2LDcxLDIwOCwxODcsMTc0LDM1XX0=', 'eyJpdiI6WzIwLDE3MiwwLDY2LDE5Miw4LDE3MSwxMTYsMTk2LDIwMCwxMDQsMTY2XSwiY3QiOls4OSw2NywzMiwzMCwyMjcsNCw0LDEsMTgxLDg2LDI1MCw1MSwyMTgsNjYsMTAyLDE4MSwxOTIsMjI3LDY1LDY3LDkzLDIwNCwyMDUsMTUwLDE4NSwxOCw0NywxNDYsNTMsNzMsMjI2LDI1MCw4MCwyMDIsNTMsMTEsMTU2LDIxNSwyNDcsMjQ2LDE5MSwyNTIsMTcwLDE2NSwxNTcsMjEzLDEwMiwxNjYsNDcsNjksMTc1LDExMyw1MSwxNTYsOTEsMTc2LDExNCwxMzIsNjIsNDcsMjA1LDE4NSwzOCwxNjMsODgsODQsMzEsMTE4LDIzMiwxOTksMjEyLDEyNywzOCwxMTMsMjM3LDYzLDIsNDUsMjQ3LDEyMywyNywxNjEsMTEsMjMsODAsNTEsMjU1LDEwNSwxNDMsMTAzLDc2LDE5NCwxNTUsMTQ1LDIyMiw3OSwxNzgsMjMyLDc2LDIwMCwyMTYsMTczLDc1LDExLDIwMyw4NywxMDMsNTUsOTQsMTk2LDUyLDQzLDEzMSw1LDQ1LDEyNiwxNTMsMTc4XX0=', 2, 1778204153990, 1778204174159);
INSERT INTO notes (id, user_id, title_cipher, ciphertext, category_cipher, tags_cipher, revision_count, created_at, updated_at) VALUES ('55684e3f-74a3-43be-a005-e29bd1bc0e0b', 'f6be26ef-cfc5-4ea7-ba24-5f78c0659ceb', 'eyJpdiI6Wzg0LDIyMSwxMzIsODAsMjE1LDIzMywyMzUsMTI5LDE5NCwxNTAsMTY4LDk5XSwiY3QiOlsyMzksMjA1LDMxLDE5NSwxOSw1MywxNzUsMTAzLDI0Miw5OCwyNCwxNDMsMjI0LDIzMiw3NCwzMSwzLDE2NiwyMTAsODksNDksMTE4LDQyLDI0LDE4NywyNiw4NSwxMiwxMTEsMzUsNjMsMTczLDE3MCwxMjAsNzUsMjE3LDU2LDExMyw1MywxNjIsMTI2LDE5LDE3LDIwMSw2LDE2LDE3MiwxNzUsMTI0XX0=', 'eyJpdiI6WzE4OCw4MCwzLDEyNCw4LDU5LDc3LDI0Niw1Niw4MCwxOSw2Nl0sImN0IjpbMjMsMTQ4LDQ3LDEwOCw1NiwxMyw0OSwyMSwyMyw3MiwyNDksMzQsMTMwLDEwNywxOTMsMTQ0LDUzLDk5LDEzOSwzLDE1OCwyNTIsMTc2LDksODYsMTIzLDEwLDI0NiwxMTcsMTc0LDEzMiwxOTMsMTY0LDEsMTcsMTgxLDE4LDE4NCwzMSwxMDAsNjksMjE3LDEyMCwyMjIsMTQ1LDg4LDIxOCw1MCw2N119', '', 'eyJpdiI6WzI1MiwyMDcsMjU0LDE5MywyMTMsMjI4LDE1LDE1MiwxNDIsMjA1LDE5NiwxMzhdLCJjdCI6WzIyMSwxMjEsMTcyLDgwLDEzOSwxMjUsMjA0LDEwLDE4MiwyMTMsMTUwLDQ1LDM4LDAsNiwxMjQsMzMsMTUsMTMxLDM3LDUzLDI2LDI1MywxMTYsMTQ4LDE3OCwxMiwyMDEsMzMsODEsNjMsNzgsMjIzLDExMiwxOTUsNzcsNjMsMzgsOTYsMjE5LDQsMzYsMjMzLDI0Nyw4NCwyMiwyNTUsMTksNTUsMTU4LDIsNTIsMTc4LDI0Miw5MCwxMTIsMTQsMTMyLDE5LDI1LDIzOSw2OCwxNDksMTkyLDMwLDIzNyw0LDE3MCwyNDQsMTMsODUsNjgsMTc3LDEwMCw1MSwyMTIsMSwyMDAsMTQ1LDExLDE1NSw0OSw2LDE0MCw4NSwxMTgsMjgsNzYsMTc1LDIxNiwxMDQsNzIsNDcsMTExLDE4NCwxMjgsMTgxLDg2LDQ1LDY2LDIwMiwyMDEsOTYsMTY3LDE4MCwxMzUsMjUxLDE3OCwyNDQsMTU5LDIzMiwyNDYsNTUsMTExLDIwNCwxNiwzLDIxNywxODgsMTYwLDE2MywyMzQsMTA5XX0=', 2, 1778334503269, 1778334509467);
INSERT INTO notes (id, user_id, title_cipher, ciphertext, category_cipher, tags_cipher, revision_count, created_at, updated_at) VALUES ('43186e3a-d8a9-42ba-af49-7ce15a6c1eb5', '2667320e-50ee-4794-a6ca-157939f328ab', 'eyJpdiI6Wzc0LDE3NiwyMDgsNDIsMTkzLDkyLDU5LDI5LDE2Myw4OCwxMTksMTQ0XSwiY3QiOls1MSwxOSwxMzksMjAsMjMwLDEyNSwxMDMsMTEsMzEsMTIxLDI0MiwyMDcsODUsMyw2NywxNCwyMzIsMTQ5LDIyNl19', 'eyJpdiI6WzE3NCwyOSwxMjYsMTkwLDY3LDY2LDg2LDEwNSw3NiwyMjEsNTAsMjUwXSwiY3QiOlsxOTAsNjksMjQzLDAsMjA0LDQ3LDczLDMsODcsOTEsNzcsMjIwLDE1NSwxODksMCwxMDksMTA2LDI1MywxMjEsMTY4LDQzLDMwLDExMiw2MSwzMCw3Myw0LDEzMiwxMDgsNTcsMTE3LDE0OCwyMDYsMjIwLDE4Miw2NiwyMDgsMjM1LDEwMSwxNzAsMTQsMjQ4LDY4XX0=', 'eyJpdiI6WzEzNCwxNjcsMTg4LDIxMSw5MCw1OCwzNCwyMjgsMjMxLDE5OSwyMzUsOTBdLCJjdCI6Wzk4LDE5NCwyMDAsNjMsOTIsNTUsMTI3LDE0OCw0MywzNCwxNTMsNiwyOCwyNTQsMTksNiwyMTIsNjIsMjA3LDEyNCwyMSwzOCw4NCwxMTAsMTYxLDQ4LDE3NSwxNDUsMjUwLDEwMiwxMTEsMzEsNDIsMjQwLDM4LDIxNCwyMzAsMjEyLDIxNiw4MywyMjIsMjYsOTksOTksMzAsMTU5LDIyMCwxMjUsMTc1LDIwNSw2MSw2NF19', 'eyJpdiI6WzIwNSw2NCwyMSwxNzIsODAsNzUsMzUsMTEwLDYzLDE4NiwzMywxNjVdLCJjdCI6WzE3OSwxOTUsMjE5LDksMTgwLDExMCwxMTIsMjI3LDQxLDIxOSw2MCwxOSwyNiwxMjEsMTI5LDIwNSwyMDIsMjI1LDE5Myw2NSwyMjIsNzQsMTU0LDU0LDE0NywxNjUsODUsMjE2LDIwMSwxMzgsMjIyLDI4LDExLDE0MCw2MCwxNjIsMTU2LDIzNCwzMiwxMjIsMzIsODYsMTQ3LDI1MSw2NSwyNTAsMjM2LDE4OSwxNDAsMTM5LDk3LDU0LDM3LDEwOSwyMjMsMTYzLDI0OSwzNSwxNDgsMTQsMzQsOTQsMjA1LDEzMywxNzgsMjAzLDY2LDM0LDEwOSwxMjgsMTMxLDIzNiwxMjksMjAzLDg3LDIzLDIxMSwxOTgsMjYsOTYsMzksMTMwLDI0MiwxMDMsMTIxLDUsMTAxLDIyOCwxLDM3LDQ5LDE3Miw0MywyMjQsMjI3LDYzLDYyLDI0MSw5OSwyMzUsMjE2LDIyOCwyMDMsMTIsMTM2LDcxLDMxLDI0Myw3MywyMDMsNTQsNjcsMTA1LDE3MSwxMTgsMTAwLDE3MV19', 1, 1778420457168, 1778420457168);
INSERT INTO notes (id, user_id, title_cipher, ciphertext, category_cipher, tags_cipher, revision_count, created_at, updated_at) VALUES ('a476c548-2815-4e3b-98c0-19b1d78dd2cc', 'ea79b857-2dd7-4e84-a0fe-d7f9cee33ac9', 'eyJpdiI6WzcwLDE5NywxODUsNSw4MiwyMzUsMjcsMTQwLDUsODEsMjIzLDE5NF0sImN0IjpbMTYwLDExNSwyMjIsMTkwLDIyOSw4NiwxMjEsMTk1LDE5OSwxNDEsMTY5LDEyMiwyMDYsMTI1LDE4Miw4OCwyMzAsODZdfQ==', 'eyJpdiI6WzIzNCwxNzgsMTcxLDgxLDIzOCwzNSw5NiwxMzQsMjQ2LDIzMiwyMDAsMjE4XSwiY3QiOls4NSw2MiwxNjMsMjU1LDkwLDIzMyw4OSw2MiwyMDUsMTEwLDExMywyMjUsMjMzLDI1LDExNywxODMsMTY5LDEyLDIyNCw2OSwxMDJdfQ==', 'eyJpdiI6WzE4NiwzMSwyMTksMTE3LDIwMiwxOTIsNzksNDYsMTQxLDE1MSw4MiwxMTldLCJjdCI6WzIxMCwxNTcsNzcsOTgsNDcsNzIsMjA3LDExNSwyMDAsMjI4LDI0NCwyNiwzNyw3MSwyNDYsODAsOSwxMDYsODcsMTQ0LDMsMTAyLDg1LDc1LDQwLDI0NiwyMzAsMjIyLDIzOSw5NCwyMDMsMTg2LDcyLDI1LDEyOSwwLDIxNSwxNSwxNTcsMTk0LDE1OSwxMjIsMTA3LDIwOCwyMzksMjIzLDIwOSwxOSwxNSwyMTYsMjA2LDI0M119', 'eyJpdiI6WzEzMCwyMTUsMTQ3LDEzMiw3OSwxNjUsMjQ3LDIwNywxNiwxMzUsMjE0LDJdLCJjdCI6WzE2Myw4MCwxODYsMTUsMzgsMjI1LDEwLDIxOCwxMjgsNzYsMjQyLDkzLDQyLDIxMiwzMiw0OCw1NSwxOTgsMTc1LDEyMiwxNzEsMjI4LDEzOCwxNTcsMTc2LDk5LDc5LDg5LDQxLDM3LDgxLDE0OSwxOTAsMTg1LDE3OSw3MSwzLDE4LDEzOSwxNDEsMjA3LDE1OCwxOTAsNDMsMTgzLDE0OSwxMiwyMTIsMTEwLDIzNywxNjAsMjIsMTMsMzcsMjAyLDIxNSwxMCw3NCwxOTAsMTg1LDE4OCw2NCw4NSwyMzMsMTgxLDg0LDEwMywzMSw2Miw5LDYyLDY5LDI1MywyMzksMTI0LDE2MiwxNzcsMjQzLDE4NCwyMjksMTEsMywxODUsMTUzLDE5NywyNiwxNzEsMTQ1LDE0OCwxMjEsMTQxLDI0NCw3OCw3NCw5NywwLDI0OSw1MywyMDYsMTgwLDE3NSw4NywyMTcsNDUsMiw0Myw0NCwyMTksMjEyLDczLDYxLDE2MSwyMjUsMTA1LDEyNCw4MywyMjQsNzYsMTQsNDYsNDYsNDIsMjAsMTkxLDE1NSwxMDksMTg5LDQ2XX0=', 2, 1779031036043, 1779031043083);
INSERT INTO shares (id, note_id, owner_id, share_key, max_views, current_views, expires_at, created_at) VALUES ('747ae483-5b16-4f89-8c45-2ee5d15eb326', '2bfbe657-013b-41a5-b1fb-944010553017', '5d94cc50-fbc4-415f-8c72-7de60cce2d42', '1efd5b3a6d8e4971', 1, 0, 1777955904351, 1777952304351);
